,作品名,URL,埋め込みコード
1,4105,https://scratch.mit.edu/projects/478363624,"<iframe src=""https://scratch.mit.edu/projects/478363624/embed"" allowtransparency=""true"" width=""485"" height=""402"" frameborder=""0"" scrolling=""no"" allowfullscreen></iframe>"
2,4111,https://scratch.mit.edu/projects/478364661,"<iframe src=""https://scratch.mit.edu/projects/478364661/embed"" allowtransparency=""true"" width=""485"" height=""402"" frameborder=""0"" scrolling=""no"" allowfullscreen></iframe>"
3,4119,https://scratch.mit.edu/projects/478364825,"<iframe src=""https://scratch.mit.edu/projects/478364825/embed"" allowtransparency=""true"" width=""485"" height=""402"" frameborder=""0"" scrolling=""no"" allowfullscreen></iframe>"
4,5111,https://scratch.mit.edu/projects/478364909,"<iframe src=""https://scratch.mit.edu/projects/478364909/embed"" allowtransparency=""true"" width=""485"" height=""402"" frameborder=""0"" scrolling=""no"" allowfullscreen></iframe>"
5,5113,https://scratch.mit.edu/projects/478365051,"<iframe src=""https://scratch.mit.edu/projects/478365051/embed"" allowtransparency=""true"" width=""485"" height=""402"" frameborder=""0"" scrolling=""no"" allowfullscreen></iframe>"
6,5118,https://scratch.mit.edu/projects/478365754,"<iframe src=""https://scratch.mit.edu/projects/478365754/embed"" allowtransparency=""true"" width=""485"" height=""402"" frameborder=""0"" scrolling=""no"" allowfullscreen></iframe>"
7,5119,https://scratch.mit.edu/projects/487053240,"<iframe src=""https://scratch.mit.edu/projects/478365893/embed"" allowtransparency=""true"" width=""485"" height=""402"" frameborder=""0"" scrolling=""no"" allowfullscreen></iframe>"
8,5124,https://scratch.mit.edu/projects/478366002,"<iframe src=""https://scratch.mit.edu/projects/478366002/embed"" allowtransparency=""true"" width=""485"" height=""402"" frameborder=""0"" scrolling=""no"" allowfullscreen></iframe>"
9,5129,https://scratch.mit.edu/projects/478366153,"<iframe src=""https://scratch.mit.edu/projects/478366153/embed"" allowtransparency=""true"" width=""485"" height=""402"" frameborder=""0"" scrolling=""no"" allowfullscreen></iframe>"
10,5132,https://scratch.mit.edu/projects/478366266,"<iframe src=""https://scratch.mit.edu/projects/478366266/embed"" allowtransparency=""true"" width=""485"" height=""402"" frameborder=""0"" scrolling=""no"" allowfullscreen></iframe>"
11,5133,https://scratch.mit.edu/projects/478366641,"<iframe src=""https://scratch.mit.edu/projects/478366641/embed"" allowtransparency=""true"" width=""485"" height=""402"" frameborder=""0"" scrolling=""no"" allowfullscreen></iframe>"
12,5136,https://scratch.mit.edu/projects/478366761,"<iframe src=""https://scratch.mit.edu/projects/478366761/embed"" allowtransparency=""true"" width=""485"" height=""402"" frameborder=""0"" scrolling=""no"" allowfullscreen></iframe>"
13,6103,https://scratch.mit.edu/projects/478366993,"<iframe src=""https://scratch.mit.edu/projects/478366993/embed"" allowtransparency=""true"" width=""485"" height=""402"" frameborder=""0"" scrolling=""no"" allowfullscreen></iframe>"
14,6105,https://scratch.mit.edu/projects/478367528,"<iframe src=""https://scratch.mit.edu/projects/478367528/embed"" allowtransparency=""true"" width=""485"" height=""402"" frameborder=""0"" scrolling=""no"" allowfullscreen></iframe>"
15,6106,https://scratch.mit.edu/projects/478367664,"<iframe src=""https://scratch.mit.edu/projects/478367664/embed"" allowtransparency=""true"" width=""485"" height=""402"" frameborder=""0"" scrolling=""no"" allowfullscreen></iframe>"
16,6118,https://scratch.mit.edu/projects/478367795,"<iframe src=""https://scratch.mit.edu/projects/478367795/embed"" allowtransparency=""true"" width=""485"" height=""402"" frameborder=""0"" scrolling=""no"" allowfullscreen></iframe>"
17,6122,https://scratch.mit.edu/projects/478367973,"<iframe src=""https://scratch.mit.edu/projects/478367973/embed"" allowtransparency=""true"" width=""485"" height=""402"" frameborder=""0"" scrolling=""no"" allowfullscreen></iframe>"
18,6127,https://scratch.mit.edu/projects/478368131,"<iframe src=""https://scratch.mit.edu/projects/478368131/embed"" allowtransparency=""true"" width=""485"" height=""402"" frameborder=""0"" scrolling=""no"" allowfullscreen></iframe>"